iteration,aptamer_seq,score,update_type
0,CACCCT,,initial
1,CTCTAT,-0.9895833333333334,smart
2,TTGTAT,-0.9903846153846154,dumb
3,TTGTAT,-0.9659090909090908,smart
4,CTTTAT,-0.84,dumb
5,CTTTAT,-0.9583333333333334,smart
6,CTTTAT,-0.9347826086956521,smart
7,CTTTAT,-0.9782608695652174,smart
8,CTTTAT,-0.9895833333333334,smart
9,CTTTAT,-0.9404761904761905,smart
10,CTTTAT,-1.0,smart
11,CTTTAT,-0.9456521739130435,smart
12,CTTTAT,-0.9347826086956521,smart
13,CTTTAT,-0.9891304347826086,smart
14,CTTTAT,-0.9583333333333334,smart
15,CTTTAT,-0.9791666666666666,smart
16,CTTTAT,-0.967391304347826,smart
17,CTTTAT,-0.9479166666666666,smart
18,CTTTAT,-0.9479166666666666,smart
19,CTTTAT,-0.875,smart
20,CTTTAT,-0.9891304347826086,smart
21,CTTTAT,-0.9456521739130435,smart
22,CTTTAT,-0.9404761904761905,smart
23,CTTTAT,-0.9659090909090908,smart
24,CTTTAT,-0.99,smart
25,CTTTAT,-1.0,smart
26,CTTTAT,-0.9456521739130435,smart
27,CTTTAT,-0.9404761904761905,smart
28,CTTTAT,-0.9891304347826086,smart
29,CTTTAT,-0.9199999999999999,smart
30,CTTTAT,-0.9791666666666666,smart
31,CTTTAT,-0.9891304347826086,smart
32,CTTTAT,-0.9659090909090908,smart
33,CTTTAT,-1.0,smart
34,CTTTAT,-0.9270833333333333,smart
35,CTTTAT,-1.0,smart
36,CTTTAT,-1.0,smart
37,CTTTAT,-0.9545454545454545,smart
38,CTTTAT,-0.9479166666666666,smart
39,CTTTAT,-0.9431818181818181,smart
40,CTTTAT,-0.9875,smart
41,CTTTAT,-1.0,smart
42,CTTTAT,-0.98,smart
43,CTTTAT,-0.9880952380952381,smart
44,CTTTAT,-0.9659090909090909,smart
45,CTTTAT,-1.0,smart
46,CTTTAT,-0.96875,smart
47,CTTTAT,-0.9479166666666666,smart
48,CTTTAT,-0.9479166666666666,smart
49,CTTTAT,-1.0,smart
50,CTTTAT,-0.97,smart
51,CTTTAT,-1.0,smart
52,CTTTAT,-0.9431818181818181,smart
53,CTTTAT,-1.0,smart
54,CTTTAT,-0.96875,smart
55,CTTTAT,-0.9886363636363636,smart
56,CTTTAT,-0.9565217391304347,smart
57,CTTTAT,-0.9659090909090908,smart
58,CTTTAT,-0.9659090909090908,smart
59,CTTTAT,-0.9318181818181818,smart
60,CTTTAT,-0.9099999999999999,smart
